INSERT INTO `ts_menu` VALUES ('02c92cebf29047058b24926c4a12717b', '用户', 'TsUser', '73b4af58df2348ef8c3a8126ef515500', 15, '/system/user/toList', '用户', NULL, NULL, '0', 3, '1', '0', NULL, NULL, '0', '1', '1', '2019-6-13 18:36:58', '1', '1', '2019-6-13 18:36:58', 1);
INSERT INTO `ts_menu` VALUES ('0981e6809d684b0fac078b6b6431a66b', '企业', 'TsTenant', '73b4af58df2348ef8c3a8126ef515500', 11, '/system/tenant/toList', '企业', '', '', '0', 3, '1', '0', '', '', '0', '1', '1', '2019-6-13 18:36:58', '11111111111111111111111111111111', '管理员', '2019-7-13 04:35:09', 2);
INSERT INTO `ts_menu` VALUES ('3775e716b9104d4190315a8af9825350', '字典信息', 'TsDict', 'c9811d0ad13144698a6383e00e47ad13', 7, '/system/dict/index', '字典信息', '', '', '0', 3, '1', '0', '', '', '0', '1', '1', '2019-6-13 18:36:58', '11111111111111111111111111111111', '管理员', '2019-6-15 08:17:02', 2);
INSERT INTO `ts_menu` VALUES ('73b4af58df2348ef8c3a8126ef515500', '人员组织', 'personorgan', 'bbf60ee1da044f959bc99b3a1406c930', 1, NULL, '人员组织', NULL, NULL, '0', 2, '0', '0', NULL, NULL, '0', '1', '1', '2019-6-13 18:36:58', '1', '1', '2019-6-13 18:36:58', 1);
INSERT INTO `ts_menu` VALUES ('9c0d127c5d2d40e094a1a0fcd784d9e0', '登陆日志', 'TsLoginLog', 'add9fae6089c43548ebcea3db9fc68b8', 1, '/system/loginlog/toList', '登陆日志', '', '', '0', 3, '1', '0', '', '', '0', '1', '1', '2019-6-13 18:36:58', '11111111111111111111111111111111', '管理员', '2019-7-13 04:56:02', 2);
INSERT INTO `ts_menu` VALUES ('9fa2896713404adfb0a4a4c5aa72acb4', '部门', 'TsDep', '73b4af58df2348ef8c3a8126ef515500', 13, '/system/dep/toTree', '部门', '', '', '0', 3, '1', '0', '', '', '0', '1', '1', '2019-6-13 18:36:58', '11111111111111111111111111111111', '管理员', '2019-6-28 14:33:56', 2);
INSERT INTO `ts_menu` VALUES ('a453b97eae3949249bced6c56e94e102', '权限设置', 'permissionsetup', 'bbf60ee1da044f959bc99b3a1406c930', 2, NULL, '权限设置', NULL, NULL, '0', 2, '0', '0', NULL, NULL, '0', '1', '1', '2019-6-13 18:36:58', '1', '1', '2019-6-13 18:36:58', 1);
INSERT INTO `ts_menu` VALUES ('add9fae6089c43548ebcea3db9fc68b8', '系统监控', 'systemmonitor', 'bbf60ee1da044f959bc99b3a1406c930', 3, NULL, '系统监控', NULL, NULL, '0', 2, '0', '0', NULL, NULL, '0', '1', '1', '2019-6-13 18:36:58', '1', '1', '2019-6-13 18:36:58', 1);
INSERT INTO `ts_menu` VALUES ('b6d784cd48484975a8f2bd6d0d92cfb8', '菜单', 'TsMenu', 'a453b97eae3949249bced6c56e94e102', 10, '/system/menu/toTree', '菜单', NULL, NULL, '0', 3, '1', '0', NULL, NULL, '0', '1', '1', '2019-6-13 18:36:58', '1', '1', '2019-6-13 18:36:58', 1);
INSERT INTO `ts_menu` VALUES ('bbf60ee1da044f959bc99b3a1406c930', '系统管理', 'system', '', 1, NULL, '系统管理', NULL, NULL, '0', 1, '0', '0', NULL, NULL, '0', '1', '1', '2019-6-13 18:36:58', '1', '1', '2019-6-13 18:36:58', 1);
INSERT INTO `ts_menu` VALUES ('c4b336ce78e84b45a1b29279c9715143', '系统通知', 'TsNotification', 'bbf60ee1da044f959bc99b3a1406c930', 5, '/system/notification/toList', '系统通知', NULL, NULL, '0', 2, '1', '0', NULL, NULL, '0', '1', '1', '2019-6-13 18:36:58', '1', '1', '2019-6-13 18:36:58', 1);
INSERT INTO `ts_menu` VALUES ('c916966357294b349d020c5943bc2ca7', '消息模板', 'TsMsgTemplet', 'c9811d0ad13144698a6383e00e47ad13', 11, '/system/msgtemplet/toList', '消息模板', NULL, NULL, '0', 3, '1', '0', NULL, NULL, '0', '1', '1', '2019-6-13 18:36:58', '1', '1', '2019-6-13 18:36:58', 1);
INSERT INTO `ts_menu` VALUES ('c9811d0ad13144698a6383e00e47ad13', '系统设置', 'systemsetup', 'bbf60ee1da044f959bc99b3a1406c930', 4, NULL, '系统设置', NULL, NULL, '0', 2, '0', '0', NULL, NULL, '0', '1', '1', '2019-6-13 18:36:58', '1', '1', '2019-6-13 18:36:58', 1);
INSERT INTO `ts_menu` VALUES ('d0eb86f7a98e40f0ac42ab04c2589615', '文件', 'TsFile', 'add9fae6089c43548ebcea3db9fc68b8', 8, '/system/file/toList', '文件', NULL, NULL, '0', 3, '1', '0', NULL, NULL, '0', '1', '1', '2019-6-13 18:36:58', '1', '1', '2019-6-13 18:36:58', 1);
INSERT INTO `ts_menu` VALUES ('f570ca44130341b1be5f01f76a2993f9', '角色', 'TsRole', 'a453b97eae3949249bced6c56e94e102', 13, '/system/role/toList', '角色', NULL, NULL, '0', 3, '1', '0', NULL, NULL, '0', '1', '1', '2019-6-13 18:36:58', '1', '1', '2019-6-13 18:36:58', 1);
INSERT INTO `ts_menu` VALUES ('fb4f7e9431b84c7cbcdc3cf9bf499f2a', '机构', 'TsOrgan', '73b4af58df2348ef8c3a8126ef515500', 12, '/system/organ/toTree', '机构', NULL, NULL, '0', 3, '1', '0', NULL, NULL, '0', '1', '1', '2019-6-13 18:36:58', '1', '1', '2019-6-13 18:36:58', 1);





INSERT INTO `ts_permit` VALUES ('0316ec4182274a7aa68fe6e0611283b9', '删除登陆日志', 'system.loginlog:delete', NULL, '0');
INSERT INTO `ts_permit` VALUES ('0890feb4bfd54ae9b91ce2a7fd19d4a8', '新增部门', 'system.dep:add', NULL, '0');
INSERT INTO `ts_permit` VALUES ('09d459ad99e24c16af1bc8da8d7881b5', '新增消息模板', 'system.msgtemplet:add', NULL, '0');
INSERT INTO `ts_permit` VALUES ('0fe5e8715bc5432da08e78e392930007', '导出角色', 'system.role:exportExcel', NULL, '0');
INSERT INTO `ts_permit` VALUES ('13c8722d8ca4443e95137544deddec7d', '修改用户', 'system.user:update', NULL, '0');
INSERT INTO `ts_permit` VALUES ('1d8201fea0c74b0589675e8b679f426e', '查看系统通知', 'system.notification:detail', NULL, '0');
INSERT INTO `ts_permit` VALUES ('1e81c640580f45498a75b27d96105422', '查看字典信息', 'system.dict:detail', NULL, '0');
INSERT INTO `ts_permit` VALUES ('29637f33ecfd449d88d2b23a0563fcf8', '删除部门', 'system.dep:delete', NULL, '0');
INSERT INTO `ts_permit` VALUES ('297c9db7f99141f795c32410ebc79da5', '导出消息模板', 'system.msgtemplet:exportExcel', NULL, '0');
INSERT INTO `ts_permit` VALUES ('2f2d0316c6d9458b85f88b5eb09138b7', '查看部门', 'system.dep:detail', NULL, '0');
INSERT INTO `ts_permit` VALUES ('327b8449c6b84d97accd83ef77308b12', '修改菜单', 'system.menu:update', NULL, '0');
INSERT INTO `ts_permit` VALUES ('352003d0654d4abd8de67c6624089550', '新增角色', 'system.role:add', NULL, '0');
INSERT INTO `ts_permit` VALUES ('3591897a578b4f659317bcb8af6b2c21', '删除用户', 'system.user:delete', NULL, '0');
INSERT INTO `ts_permit` VALUES ('3c8fb052a353423a8c43ccea76fb4e63', '删除消息模板', 'system.msgtemplet:delete', NULL, '0');
INSERT INTO `ts_permit` VALUES ('4a6a7ca82fde4eada5276b18fefe0e14', '查看机构', 'system.organ:detail', NULL, '0');
INSERT INTO `ts_permit` VALUES ('4ed767a17cdb4576bc09acd471ea515d', '查看文件', 'system.file:detail', NULL, '0');
INSERT INTO `ts_permit` VALUES ('5c5731d19a644d2da3954390638797e0', '新增用户', 'system.user:add', NULL, '0');
INSERT INTO `ts_permit` VALUES ('61b7cc7b6fbb42e98dc3e0d556029471', '新增字典信息', 'system.dict:add', NULL, '0');
INSERT INTO `ts_permit` VALUES ('63eb7db1aa34475cb54c8dac650fe61e', '导入部门', 'system.dep:importExcel', NULL, '0');
INSERT INTO `ts_permit` VALUES ('65bc0755f9e6474abe50517641e24464', '导出机构', 'system.organ:exportExcel', NULL, '0');
INSERT INTO `ts_permit` VALUES ('6fbe7938b2024697aa12cc207c93a86e', '查看用户', 'system.user:detail', NULL, '0');
INSERT INTO `ts_permit` VALUES ('71f1d8f24f1349c1a5d41ec525765980', '删除角色', 'system.role:delete', NULL, '0');
INSERT INTO `ts_permit` VALUES ('75e97f06843d49fd83232fcd6c3dd4b9', '修改消息模板', 'system.msgtemplet:update', NULL, '0');
INSERT INTO `ts_permit` VALUES ('7ba59a77898e4f0f982c60d2f3170fa0', '修改字典信息', 'system.dict:update', NULL, '0');
INSERT INTO `ts_permit` VALUES ('8b004dff0c874234be5cc4a5faff3b0a', '导出部门', 'system.dep:exportExcel', NULL, '0');
INSERT INTO `ts_permit` VALUES ('91647bc3f150407ba8bb25b238e41a37', '查看菜单', 'system.menu:detail', NULL, '0');
INSERT INTO `ts_permit` VALUES ('a24c82a33c614f049d4b39dca9eb3888', '修改企业', 'system.tenant:update', NULL, '0');
INSERT INTO `ts_permit` VALUES ('a2d35685eae9421d8808327cc1121526', '新增机构', 'system.organ:add', NULL, '0');
INSERT INTO `ts_permit` VALUES ('a72cecaa7d4f46e8b92cd5cb04af9cea', '导出用户', 'system.user:exportExcel', NULL, '0');
INSERT INTO `ts_permit` VALUES ('a862dcb532e74a39830438c1e39de71c', '导入消息模板', 'system.msgtemplet:importExcel', NULL, '0');
INSERT INTO `ts_permit` VALUES ('ad64eaa9751d45d0890b19c4fa1e5a7c', '查看登陆日志', 'system.loginlog:detail', NULL, '0');
INSERT INTO `ts_permit` VALUES ('b448514334c843f8b95b018b88a0158f', '修改部门', 'system.dep:update', NULL, '0');
INSERT INTO `ts_permit` VALUES ('c6bf75a88ccd460dbd8e9b0574d88b26', '查看角色', 'system.role:detail', NULL, '0');
INSERT INTO `ts_permit` VALUES ('e5f8c98dcf61489ba8678e7bc6d80762', '查看企业', 'system.tenant:detail', NULL, '0');
INSERT INTO `ts_permit` VALUES ('e79b4d1442fc4ca3b088de4fe85480c0', '查看消息模板', 'system.msgtemplet:detail', NULL, '0');
INSERT INTO `ts_permit` VALUES ('ea770cde3009494795f9f16e5429015b', '删除字典信息', 'system.dict:delete', NULL, '0');
INSERT INTO `ts_permit` VALUES ('ebdcad70489546668e5e0959ee9dab26', '导入机构', 'system.organ:importExcel', NULL, '0');
INSERT INTO `ts_permit` VALUES ('ed03afef5dbd464da21ac44d098218fe', '删除机构', 'system.organ:delete', NULL, '0');
INSERT INTO `ts_permit` VALUES ('f35f8e32b4cb496db24f56a87dc54ec4', '修改角色', 'system.role:update', NULL, '0');
INSERT INTO `ts_permit` VALUES ('f69f5c0656c54363b48452da70bd1d6b', '修改机构', 'system.organ:update', NULL, '0');
INSERT INTO `ts_permit` VALUES ('f8b27b62b09b4e8ab29f9994b956d5c9', '导入角色', 'system.role:importExcel', NULL, '0');











INSERT INTO `ts_menu_permit` VALUES ('6357fdf48dc711e9980d8c1645ea61d4', '02c92cebf29047058b24926c4a12717b', '13c8722d8ca4443e95137544deddec7d');
INSERT INTO `ts_menu_permit` VALUES ('6358046d8dc711e9980d8c1645ea61d4', '02c92cebf29047058b24926c4a12717b', '3591897a578b4f659317bcb8af6b2c21');
INSERT INTO `ts_menu_permit` VALUES ('63580a6a8dc711e9980d8c1645ea61d4', '02c92cebf29047058b24926c4a12717b', '5c5731d19a644d2da3954390638797e0');
INSERT INTO `ts_menu_permit` VALUES ('635812a18dc711e9980d8c1645ea61d4', '02c92cebf29047058b24926c4a12717b', '6fbe7938b2024697aa12cc207c93a86e');
INSERT INTO `ts_menu_permit` VALUES ('63581a168dc711e9980d8c1645ea61d4', '02c92cebf29047058b24926c4a12717b', 'a72cecaa7d4f46e8b92cd5cb04af9cea');
INSERT INTO `ts_menu_permit` VALUES ('6359295b8dc711e9980d8c1645ea61d4', '0981e6809d684b0fac078b6b6431a66b', 'a24c82a33c614f049d4b39dca9eb3888');
INSERT INTO `ts_menu_permit` VALUES ('63592e1b8dc711e9980d8c1645ea61d4', '0981e6809d684b0fac078b6b6431a66b', 'e5f8c98dcf61489ba8678e7bc6d80762');
INSERT INTO `ts_menu_permit` VALUES ('6358bb698dc711e9980d8c1645ea61d4', '3775e716b9104d4190315a8af9825350', '1e81c640580f45498a75b27d96105422');
INSERT INTO `ts_menu_permit` VALUES ('6358c4e38dc711e9980d8c1645ea61d4', '3775e716b9104d4190315a8af9825350', '61b7cc7b6fbb42e98dc3e0d556029471');
INSERT INTO `ts_menu_permit` VALUES ('6358d0168dc711e9980d8c1645ea61d4', '3775e716b9104d4190315a8af9825350', '7ba59a77898e4f0f982c60d2f3170fa0');
INSERT INTO `ts_menu_permit` VALUES ('6358d9448dc711e9980d8c1645ea61d4', '3775e716b9104d4190315a8af9825350', 'ea770cde3009494795f9f16e5429015b');
INSERT INTO `ts_menu_permit` VALUES ('63583fc78dc711e9980d8c1645ea61d4', '9c0d127c5d2d40e094a1a0fcd784d9e0', '0316ec4182274a7aa68fe6e0611283b9');
INSERT INTO `ts_menu_permit` VALUES ('635846738dc711e9980d8c1645ea61d4', '9c0d127c5d2d40e094a1a0fcd784d9e0', 'ad64eaa9751d45d0890b19c4fa1e5a7c');
INSERT INTO `ts_menu_permit` VALUES ('63578a038dc711e9980d8c1645ea61d4', '9fa2896713404adfb0a4a4c5aa72acb4', '0890feb4bfd54ae9b91ce2a7fd19d4a8');
INSERT INTO `ts_menu_permit` VALUES ('635796428dc711e9980d8c1645ea61d4', '9fa2896713404adfb0a4a4c5aa72acb4', '29637f33ecfd449d88d2b23a0563fcf8');
INSERT INTO `ts_menu_permit` VALUES ('63579d648dc711e9980d8c1645ea61d4', '9fa2896713404adfb0a4a4c5aa72acb4', '2f2d0316c6d9458b85f88b5eb09138b7');
INSERT INTO `ts_menu_permit` VALUES ('6357a6e88dc711e9980d8c1645ea61d4', '9fa2896713404adfb0a4a4c5aa72acb4', '63eb7db1aa34475cb54c8dac650fe61e');
INSERT INTO `ts_menu_permit` VALUES ('6357ae058dc711e9980d8c1645ea61d4', '9fa2896713404adfb0a4a4c5aa72acb4', '8b004dff0c874234be5cc4a5faff3b0a');
INSERT INTO `ts_menu_permit` VALUES ('6357b64c8dc711e9980d8c1645ea61d4', '9fa2896713404adfb0a4a4c5aa72acb4', 'b448514334c843f8b95b018b88a0158f');
INSERT INTO `ts_menu_permit` VALUES ('6357d0358dc711e9980d8c1645ea61d4', 'b6d784cd48484975a8f2bd6d0d92cfb8', '327b8449c6b84d97accd83ef77308b12');
INSERT INTO `ts_menu_permit` VALUES ('6357d68f8dc711e9980d8c1645ea61d4', 'b6d784cd48484975a8f2bd6d0d92cfb8', '91647bc3f150407ba8bb25b238e41a37');
INSERT INTO `ts_menu_permit` VALUES ('63582a238dc711e9980d8c1645ea61d4', 'c4b336ce78e84b45a1b29279c9715143', '1d8201fea0c74b0589675e8b679f426e');
INSERT INTO `ts_menu_permit` VALUES ('63587b3a8dc711e9980d8c1645ea61d4', 'c916966357294b349d020c5943bc2ca7', '09d459ad99e24c16af1bc8da8d7881b5');
INSERT INTO `ts_menu_permit` VALUES ('635881b38dc711e9980d8c1645ea61d4', 'c916966357294b349d020c5943bc2ca7', '297c9db7f99141f795c32410ebc79da5');
INSERT INTO `ts_menu_permit` VALUES ('635887ac8dc711e9980d8c1645ea61d4', 'c916966357294b349d020c5943bc2ca7', '3c8fb052a353423a8c43ccea76fb4e63');
INSERT INTO `ts_menu_permit` VALUES ('63588da48dc711e9980d8c1645ea61d4', 'c916966357294b349d020c5943bc2ca7', '75e97f06843d49fd83232fcd6c3dd4b9');
INSERT INTO `ts_menu_permit` VALUES ('635894fa8dc711e9980d8c1645ea61d4', 'c916966357294b349d020c5943bc2ca7', 'a862dcb532e74a39830438c1e39de71c');
INSERT INTO `ts_menu_permit` VALUES ('63589afd8dc711e9980d8c1645ea61d4', 'c916966357294b349d020c5943bc2ca7', 'e79b4d1442fc4ca3b088de4fe85480c0');
INSERT INTO `ts_menu_permit` VALUES ('6359377b8dc711e9980d8c1645ea61d4', 'd0eb86f7a98e40f0ac42ab04c2589615', '4ed767a17cdb4576bc09acd471ea515d');
INSERT INTO `ts_menu_permit` VALUES ('635959498dc711e9980d8c1645ea61d4', 'f570ca44130341b1be5f01f76a2993f9', '0fe5e8715bc5432da08e78e392930007');
INSERT INTO `ts_menu_permit` VALUES ('63595e9e8dc711e9980d8c1645ea61d4', 'f570ca44130341b1be5f01f76a2993f9', '352003d0654d4abd8de67c6624089550');
INSERT INTO `ts_menu_permit` VALUES ('635962d88dc711e9980d8c1645ea61d4', 'f570ca44130341b1be5f01f76a2993f9', '71f1d8f24f1349c1a5d41ec525765980');
INSERT INTO `ts_menu_permit` VALUES ('635967318dc711e9980d8c1645ea61d4', 'f570ca44130341b1be5f01f76a2993f9', 'c6bf75a88ccd460dbd8e9b0574d88b26');
INSERT INTO `ts_menu_permit` VALUES ('63596b5c8dc711e9980d8c1645ea61d4', 'f570ca44130341b1be5f01f76a2993f9', 'f35f8e32b4cb496db24f56a87dc54ec4');
INSERT INTO `ts_menu_permit` VALUES ('63596f8c8dc711e9980d8c1645ea61d4', 'f570ca44130341b1be5f01f76a2993f9', 'f8b27b62b09b4e8ab29f9994b956d5c9');
INSERT INTO `ts_menu_permit` VALUES ('6359016c8dc711e9980d8c1645ea61d4', 'fb4f7e9431b84c7cbcdc3cf9bf499f2a', '4a6a7ca82fde4eada5276b18fefe0e14');
INSERT INTO `ts_menu_permit` VALUES ('6359061c8dc711e9980d8c1645ea61d4', 'fb4f7e9431b84c7cbcdc3cf9bf499f2a', '65bc0755f9e6474abe50517641e24464');
INSERT INTO `ts_menu_permit` VALUES ('63590b8a8dc711e9980d8c1645ea61d4', 'fb4f7e9431b84c7cbcdc3cf9bf499f2a', 'a2d35685eae9421d8808327cc1121526');
INSERT INTO `ts_menu_permit` VALUES ('63590fc48dc711e9980d8c1645ea61d4', 'fb4f7e9431b84c7cbcdc3cf9bf499f2a', 'ebdcad70489546668e5e0959ee9dab26');
INSERT INTO `ts_menu_permit` VALUES ('635913f48dc711e9980d8c1645ea61d4', 'fb4f7e9431b84c7cbcdc3cf9bf499f2a', 'ed03afef5dbd464da21ac44d098218fe');
INSERT INTO `ts_menu_permit` VALUES ('63591bcf8dc711e9980d8c1645ea61d4', 'fb4f7e9431b84c7cbcdc3cf9bf499f2a', 'f69f5c0656c54363b48452da70bd1d6b');
